x,y,diameter,name
160,103,43.19838,Happy
372,137,52.42526,Sad
273,235,61.14072,Joyous
121,179,44.758068,Melancholy
283.0,232.0,46.963352,Blah
268.0,129.0,43.372578,Blah
345.0,32.0,62.932747,Blah
436.0,73.0,68.12134,Blah
451.0,224.0,69.39895,Blah
362.0,265.0,68.40054,Blah
490.0,168.0,41.173405,Blah
181.0,207.0,44.63513,Blah
105.0,253.0,54.323437,Blah
70.0,207.0,78.176834,Blah
